{"cameraMode":{"drawMode":0,"name":"Shaded","section":"Shading Mode"},"sceneLighting":false,"audioPlay":false,"sceneViewState":{"showFog":false,"showMaterialUpdate":false,"showSkybox":false,"showFlares":false,"showImageEffects":false,"showParticleSystems":false},"in2DMode":false,"pivot":{"x":-0.09464704990386963,"y":0.459067702293396,"z":0.4547842741012573},"rotation":{"x":0.27854251861572268,"y":0.4976932406425476,"z":-0.17276239395141602,"w":0.8031906485557556},"size":6.060316562652588,"orthographic":false}