{"cameraMode":{"drawMode":0,"name":"Shaded","section":"Shading Mode"},"sceneLighting":false,"audioPlay":false,"sceneViewState":{"showFog":false,"showMaterialUpdate":false,"showSkybox":false,"showFlares":false,"showImageEffects":false,"showParticleSystems":false},"in2DMode":false,"pivot":{"x":-0.3254275321960449,"y":0.07813405990600586,"z":-0.3766466975212097},"rotation":{"x":-0.13783380389213563,"y":0.7593192458152771,"z":-0.1709865778684616,"w":-0.6127565503120422},"size":4.388458728790283,"orthographic":false}