{"cameraMode":{"drawMode":0,"name":"Shaded","section":"Shading Mode"},"sceneLighting":false,"audioPlay":false,"sceneViewState":{"showFog":false,"showMaterialUpdate":false,"showSkybox":false,"showFlares":false,"showImageEffects":false,"showParticleSystems":false},"in2DMode":false,"pivot":{"x":0.07510608434677124,"y":-0.9381742477416992,"z":0.18100547790527345},"rotation":{"x":-0.41818273067474368,"y":-0.002093466930091381,"z":0.0007574295741505921,"w":-0.9084722399711609},"size":5.89002799987793,"orthographic":false}