{"cameraMode":{"drawMode":0,"name":"Shaded","section":"Shading Mode"},"sceneLighting":false,"audioPlay":false,"sceneViewState":{"showFog":false,"showMaterialUpdate":false,"showSkybox":false,"showFlares":false,"showImageEffects":false,"showParticleSystems":false},"in2DMode":false,"pivot":{"x":0.18902966380119325,"y":1.0241851806640626,"z":-0.28110218048095705},"rotation":{"x":0.40175119042396548,"y":-0.009867927990853787,"z":0.0041823615320026878,"w":0.9158197045326233},"size":5.302511692047119,"orthographic":false}