{"cameraMode":{"drawMode":0,"name":"Shaded","section":"Shading Mode"},"sceneLighting":false,"audioPlay":false,"sceneViewState":{"showFog":false,"showMaterialUpdate":false,"showSkybox":false,"showFlares":false,"showImageEffects":false,"showParticleSystems":false},"in2DMode":false,"pivot":{"x":0.3045762777328491,"y":0.3177032470703125,"z":0.9332928657531738},"rotation":{"x":-0.36708542704582217,"y":-0.017495160922408105,"z":0.006656353827565908,"w":-0.9301106333732605},"size":6.7900285720825199,"orthographic":false}