{"cameraMode":{"drawMode":0,"name":"Shaded","section":"Shading Mode"},"sceneLighting":false,"audioPlay":false,"sceneViewState":{"showFog":false,"showMaterialUpdate":false,"showSkybox":false,"showFlares":false,"showImageEffects":false,"showParticleSystems":false},"in2DMode":false,"pivot":{"x":0.22245118021965028,"y":0.9971456527709961,"z":0.014590039849281311},"rotation":{"x":0.2059709131717682,"y":-0.7432377338409424,"z":0.2658204138278961,"w":0.5786830186843872},"size":2.2556562423706056,"orthographic":false}