{"cameraMode":{"drawMode":0,"name":"Shaded","section":"Shading Mode"},"sceneLighting":false,"audioPlay":false,"sceneViewState":{"showFog":false,"showMaterialUpdate":false,"showSkybox":false,"showFlares":false,"showImageEffects":false,"showParticleSystems":false},"in2DMode":false,"pivot":{"x":-0.1792597770690918,"y":0.33947277069091799,"z":-0.13904011249542237},"rotation":{"x":-0.3775927424430847,"y":-0.3573639690876007,"z":0.1598433554172516,"w":-0.8393845558166504},"size":2.5654947757720949,"orthographic":false}