{"cameraMode":{"drawMode":0,"name":"Shaded","section":"Shading Mode"},"sceneLighting":false,"audioPlay":false,"sceneViewState":{"showFog":false,"showMaterialUpdate":false,"showSkybox":false,"showFlares":false,"showImageEffects":false,"showParticleSystems":false},"in2DMode":false,"pivot":{"x":-0.018615933135151864,"y":-0.2826981842517853,"z":-0.15815728902816773},"rotation":{"x":0.025626251474022867,"y":0.8733823895454407,"z":-0.4844054877758026,"w":0.04599445313215256},"size":3.470592498779297,"orthographic":false}