{"cameraMode":{"drawMode":0,"name":"Shaded","section":"Shading Mode"},"sceneLighting":false,"audioPlay":false,"sceneViewState":{"showFog":false,"showMaterialUpdate":false,"showSkybox":false,"showFlares":false,"showImageEffects":false,"showParticleSystems":false},"in2DMode":false,"pivot":{"x":0.02163819596171379,"y":-0.4146592617034912,"z":0.5655542612075806},"rotation":{"x":-0.5366335511207581,"y":-0.007037078030407429,"z":0.004250351805239916,"w":-0.8438960313796997},"size":5.870593547821045,"orthographic":false}