{"cameraMode":{"drawMode":0,"name":"Shaded","section":"Shading Mode"},"sceneLighting":false,"audioPlay":false,"sceneViewState":{"showFog":false,"showMaterialUpdate":false,"showSkybox":false,"showFlares":false,"showImageEffects":false,"showParticleSystems":false},"in2DMode":false,"pivot":{"x":0.6349782943725586,"y":-0.1868271827697754,"z":1.0209338665008546},"rotation":{"x":-0.467867374420166,"y":-0.015313641168177128,"z":0.007876078598201275,"w":-0.8837457895278931},"size":6.170593738555908,"orthographic":false}