{"cameraMode":{"drawMode":0,"name":"Shaded","section":"Shading Mode"},"sceneLighting":false,"audioPlay":false,"sceneViewState":{"showFog":false,"showMaterialUpdate":false,"showSkybox":false,"showFlares":false,"showImageEffects":false,"showParticleSystems":false},"in2DMode":false,"pivot":{"x":-0.2833513021469116,"y":-0.33824872970581057,"z":0.5713202953338623},"rotation":{"x":-0.3592016398906708,"y":0.23487192392349244,"z":-0.09411859512329102,"w":-0.8984181880950928},"size":4.670592784881592,"orthographic":false}