{"cameraMode":{"drawMode":0,"name":"Shaded","section":"Shading Mode"},"sceneLighting":false,"audioPlay":false,"sceneViewState":{"showFog":false,"showMaterialUpdate":false,"showSkybox":false,"showFlares":false,"showImageEffects":false,"showParticleSystems":false},"in2DMode":false,"pivot":{"x":0.9593057632446289,"y":0.1949356496334076,"z":-0.07352322340011597},"rotation":{"x":-0.012153664603829384,"y":-0.7257844805717468,"z":0.012451959773898125,"w":-0.6878537535667419},"size":3.8822100162506105,"orthographic":false}