{"cameraMode":{"drawMode":0,"name":"Shaded","section":"Shading Mode"},"sceneLighting":false,"audioPlay":false,"sceneViewState":{"showFog":false,"showMaterialUpdate":false,"showSkybox":false,"showFlares":false,"showImageEffects":false,"showParticleSystems":false},"in2DMode":false,"pivot":{"x":0.14888060092926026,"y":0.9134353399276733,"z":0.19494490325450898},"rotation":{"x":0.25094786286354067,"y":0.23785030841827393,"z":-0.0638689175248146,"w":0.9362846612930298},"size":5.602511882781982,"orthographic":false}