{"cameraMode":{"drawMode":0,"name":"Shaded","section":"Shading Mode"},"sceneLighting":false,"audioPlay":false,"sceneViewState":{"showFog":false,"showMaterialUpdate":false,"showSkybox":false,"showFlares":false,"showImageEffects":false,"showParticleSystems":false},"in2DMode":false,"pivot":{"x":0.0,"y":-0.6525307893753052,"z":1.1920928955078126e-7},"rotation":{"x":-0.3727107048034668,"y":0.006209452170878649,"z":-0.002742734272032976,"w":-0.9280348420143127},"size":6.190028190612793,"orthographic":false}