{"cameraMode":{"drawMode":0,"name":"Shaded","section":"Shading Mode"},"sceneLighting":false,"audioPlay":false,"sceneViewState":{"showFog":false,"showMaterialUpdate":false,"showSkybox":false,"showFlares":false,"showImageEffects":false,"showParticleSystems":false},"in2DMode":false,"pivot":{"x":0.8454022407531738,"y":0.4245028495788574,"z":-0.19017958641052247},"rotation":{"x":0.149567112326622,"y":0.8351002335548401,"z":-0.45317792892456057,"w":0.2742350697517395},"size":8.122757911682129,"orthographic":false}