{"cameraMode":{"drawMode":0,"name":"Shaded","section":"Shading Mode"},"sceneLighting":false,"audioPlay":false,"sceneViewState":{"showFog":false,"showMaterialUpdate":false,"showSkybox":false,"showFlares":false,"showImageEffects":false,"showParticleSystems":false},"in2DMode":false,"pivot":{"x":-0.017859458923339845,"y":1.9676872491836548,"z":0.12976741790771485},"rotation":{"x":-0.0512998104095459,"y":-0.9225674867630005,"z":0.1302240490913391,"w":-0.36006978154182436},"size":7.620434761047363,"orthographic":false}