{"cameraMode":{"drawMode":0,"name":"Shaded","section":"Shading Mode"},"sceneLighting":false,"audioPlay":false,"sceneViewState":{"showFog":false,"showMaterialUpdate":false,"showSkybox":false,"showFlares":false,"showImageEffects":false,"showParticleSystems":false},"in2DMode":false,"pivot":{"x":-0.07051336765289307,"y":0.5407889485359192,"z":-0.07194370031356812},"rotation":{"x":0.27392446994781496,"y":0.3351406753063202,"z":-0.1015210747718811,"w":0.895940363407135},"size":1.2804079055786133,"orthographic":false}