{"cameraMode":{"drawMode":0,"name":"Shaded","section":"Shading Mode"},"sceneLighting":false,"audioPlay":false,"sceneViewState":{"showFog":false,"showMaterialUpdate":false,"showSkybox":false,"showFlares":false,"showImageEffects":false,"showParticleSystems":false},"in2DMode":false,"pivot":{"x":0.6871318817138672,"y":0.001501321792602539,"z":-0.16646549105644227},"rotation":{"x":-0.3269874155521393,"y":-0.593512773513794,"z":0.2860834300518036,"w":-0.6776371598243713},"size":3.400941848754883,"orthographic":false}