{"cameraMode":{"drawMode":0,"name":"Shaded","section":"Shading Mode"},"sceneLighting":false,"audioPlay":false,"sceneViewState":{"showFog":false,"showMaterialUpdate":false,"showSkybox":false,"showFlares":false,"showImageEffects":false,"showParticleSystems":false},"in2DMode":false,"pivot":{"x":0.5926527976989746,"y":0.6642255783081055,"z":-0.43767011165618899},"rotation":{"x":-0.25264212489128115,"y":-0.21197092533111573,"z":0.05679699778556824,"w":-0.9424823522567749},"size":4.5603156089782719,"orthographic":false}