{"cameraMode":{"drawMode":0,"name":"Shaded","section":"Shading Mode"},"sceneLighting":false,"audioPlay":false,"sceneViewState":{"showFog":false,"showMaterialUpdate":false,"showSkybox":false,"showFlares":false,"showImageEffects":false,"showParticleSystems":false},"in2DMode":false,"pivot":{"x":-0.6267752647399902,"y":0.3030416965484619,"z":0.42278343439102175},"rotation":{"x":-0.08781207352876663,"y":0.7118350267410278,"z":-0.09115538746118546,"w":-0.6910228729248047},"size":3.4666056632995607,"orthographic":false}