{"cameraMode":{"drawMode":0,"name":"Shaded","section":"Shading Mode"},"sceneLighting":false,"audioPlay":false,"sceneViewState":{"showFog":false,"showMaterialUpdate":false,"showSkybox":false,"showFlares":false,"showImageEffects":false,"showParticleSystems":false},"in2DMode":false,"pivot":{"x":0.16704046726226808,"y":1.4247878789901734,"z":0.5128176212310791},"rotation":{"x":-0.0512998104095459,"y":-0.9225674867630005,"z":0.1302240490913391,"w":-0.36006978154182436},"size":3.3372747898101808,"orthographic":false}