{"cameraMode":{"drawMode":0,"name":"Shaded","section":"Shading Mode"},"sceneLighting":false,"audioPlay":false,"sceneViewState":{"showFog":false,"showMaterialUpdate":false,"showSkybox":false,"showFlares":false,"showImageEffects":false,"showParticleSystems":false},"in2DMode":false,"pivot":{"x":0.0,"y":-0.6617127060890198,"z":1.1920928955078126e-7},"rotation":{"x":-0.41818273067474368,"y":-0.002093466930091381,"z":0.0007574295741505921,"w":-0.9084722399711609},"size":6.170593738555908,"orthographic":false}