{"cameraMode":{"drawMode":0,"name":"Shaded","section":"Shading Mode"},"sceneLighting":false,"audioPlay":false,"sceneViewState":{"showFog":false,"showMaterialUpdate":false,"showSkybox":false,"showFlares":false,"showImageEffects":false,"showParticleSystems":false},"in2DMode":false,"pivot":{"x":0.455224871635437,"y":0.3659524917602539,"z":0.31300580501556399},"rotation":{"x":0.1845918595790863,"y":0.31592774391174319,"z":-0.061873938888311389,"w":0.9287976026535034},"size":5.574747085571289,"orthographic":false}