{"cameraMode":{"drawMode":0,"name":"Shaded","section":"Shading Mode"},"sceneLighting":false,"audioPlay":false,"sceneViewState":{"showFog":false,"showMaterialUpdate":false,"showSkybox":false,"showFlares":false,"showImageEffects":false,"showParticleSystems":false},"in2DMode":false,"pivot":{"x":-0.06499423831701279,"y":-0.09832620620727539,"z":0.9695370197296143},"rotation":{"x":0.4532836973667145,"y":0.0042283618822693829,"z":-0.0018879412673413754,"w":0.8914697766304016},"size":5.870593547821045,"orthographic":false}