{"cameraMode":{"drawMode":0,"name":"Shaded","section":"Shading Mode"},"sceneLighting":false,"audioPlay":false,"sceneViewState":{"showFog":false,"showMaterialUpdate":false,"showSkybox":false,"showFlares":false,"showImageEffects":false,"showParticleSystems":false},"in2DMode":false,"pivot":{"x":0.10129231214523316,"y":-0.1654045581817627,"z":0.593044102191925},"rotation":{"x":-0.34651657938957217,"y":0.07092048972845078,"z":-0.02652735449373722,"w":-0.935093879699707},"size":5.290027618408203,"orthographic":false}