{"cameraMode":{"drawMode":0,"name":"Shaded","section":"Shading Mode"},"sceneLighting":false,"audioPlay":false,"sceneViewState":{"showFog":false,"showMaterialUpdate":false,"showSkybox":false,"showFlares":false,"showImageEffects":false,"showParticleSystems":false},"in2DMode":false,"pivot":{"x":-0.0058274827897548679,"y":0.014412879943847657,"z":0.5784595012664795},"rotation":{"x":-0.3727107048034668,"y":0.006209452170878649,"z":-0.002742734272032976,"w":-0.9280348420143127},"size":6.190028190612793,"orthographic":false}