{"cameraMode":{"drawMode":0,"name":"Shaded","section":"Shading Mode"},"sceneLighting":false,"audioPlay":false,"sceneViewState":{"showFog":false,"showMaterialUpdate":false,"showSkybox":false,"showFlares":false,"showImageEffects":false,"showParticleSystems":false},"in2DMode":false,"pivot":{"x":-0.28647488355636599,"y":0.18574310839176179,"z":-0.48145151138305666},"rotation":{"x":-0.15912121534347535,"y":-0.3667161464691162,"z":0.0628647431731224,"w":-0.9146850109100342},"size":1.365494966506958,"orthographic":false}