{"cameraMode":{"drawMode":0,"name":"Shaded","section":"Shading Mode"},"sceneLighting":true,"audioPlay":false,"sceneViewState":{"showFog":true,"showMaterialUpdate":false,"showSkybox":true,"showFlares":true,"showImageEffects":true,"showParticleSystems":true},"in2DMode":false,"pivot":{"x":-4.848894119262695,"y":-1.6762242317199708,"z":11.385796546936036},"rotation":{"x":-0.12675029039382935,"y":0.18250945210456849,"z":-0.023726221174001695,"w":-0.9747272729873657},"size":23.898710250854493,"orthographic":false}