{"cameraMode":{"drawMode":0,"name":"Shaded","section":"Shading Mode"},"sceneLighting":false,"audioPlay":false,"sceneViewState":{"showFog":true,"showMaterialUpdate":false,"showSkybox":false,"showFlares":true,"showImageEffects":true,"showParticleSystems":true},"in2DMode":false,"pivot":{"x":0.3592175245285034,"y":-0.3278026580810547,"z":-0.274322509765625},"rotation":{"x":-0.4328761398792267,"y":-0.18120087683200837,"z":0.08928605169057846,"w":-0.8785393834114075},"size":7.330799579620361,"orthographic":false}